Id;Name;categoria 1;categoria 2;weight;lat;long
1;Acetona_Adonex;Materia Prima;Excipiente;0.000003;-23.503.018;-46.482.737
2;Acetona_Carvalhaes;Materia Prima;Excipiente;0.000003;-23.223.188;-46.783.035
3;Acetona_Hexagono;Materia Prima;Excipiente;0.000003;-22.872.814;-43.262.302
4;Acetona_Las;Materia Prima;Excipiente;0.000003;-16.777.368;-49.271.022
5;Acetona_Multiplier;Materia Prima;Excipiente;0.000003;-18.889.742;-48.252.168
6;Acetona_Reagen;Materia Prima;Excipiente;0.000003;-25.350.619;-49.214.998
7;Acetona_SB;Materia Prima;Excipiente;0.000003;-23.650.602;-46.700.594
8;Acido Ascorbico_Sul_de_Minas;Materia Prima;Excipiente;0.000003;-23.463.077;-46.641.564
9;Acido Estearico_CAQ;Materia Prima;Excipiente;0.000009;-23.692.413;-46.602.937
11;Acido Estearico_Orbital;Materia Prima;Excipiente;0.000009;-18.905.421;-48.248.924
12;Acido Estearico_Valdequimica;Materia Prima;Excipiente;0.000009;-23.581.312;-46.712.115
13;Acido Estearico_Sulminas;Materia Prima;Excipiente;0.000009;-21.802.942;-45.416.522
14;Acido Estearico_Indukern;Materia Prima;Excipiente;0.000009;-23.190.487;-46.972.149
15;Acido Estearico_Chempex;Materia Prima;Excipiente;0.000009;-2.344.208;-46.527.708
16;Acido Estearico_Interjet;Materia Prima;Excipiente;0.000009;-23.667.515;-46.685.059
17;Acido Estearico_ProAnalise;Materia Prima;Excipiente;0.000009;-2.359.563;-46.883.204
19;Acido Estearico_JMC;Materia Prima;Excipiente;0.000009;-1.293.894;-48.156.844
21;Acido Folico_Airela;Materia Prima;Principio Ativo;0.000006;-28.428.928;-49.162.312
22;Acido Folico_Amici;Materia Prima;Principio Ativo;0.000006;-15.872.858;-4.799.123
23;Acido Folico_Baxter;Materia Prima;Principio Ativo;0.000006;-23.675.182;-46.685.703
24;Acido Folico_Biomig;Materia Prima;Principio Ativo;0.000006;-19.939.034;-44.003.925
25;Acido Folico_Cientifica;Materia Prima;Principio Ativo;0.000006;-16.724.311;-49.244.008
26;Acido Folico_Casula;Materia Prima;Principio Ativo;0.000006;-1.997.805;-43.999.719
27;Acido Folico_CM_Hospitalar;Materia Prima;Principio Ativo;0.000006;-23.643.032;-46.724.312
28;Acido Folico_Comercial;Materia Prima;Principio Ativo;0.000006;-21.366.215;-46.519.334
29;Acido Folico_Costa_Camargo;Materia Prima;Principio Ativo;0.000006;-20.350.086;-40.283.665
30;Acido Folico_Pro_Saude;Materia Prima;Principio Ativo;0.000006;-18.901.267;-48.272.883
31;Acido Folico_DL;Materia Prima;Principio Ativo;0.000006;-23.715.985;-46.588.211
32;Acido Folico_Espirito_Santo;Materia Prima;Principio Ativo;0.000006;-20.638.529;-40.475.848
33;Acido Folico_Farmace;Materia Prima;Principio Ativo;0.000006;-73.094.586;-39.301.367
34;Acido Folico_Fresenius;Materia Prima;Principio Ativo;0.000006;-23.501.807;-46.819.714
35;Acido Folico_Halex;Materia Prima;Principio Ativo;0.000006;-23.509.724;-46.717.892
36;Acido Folico_Ifal;Materia Prima;Principio Ativo;0.000006;-30.851.921;-5.178.422
37;Acido Folico_Inovamed;Materia Prima;Principio Ativo;0.000006;-27.643.208;-52.226.769
38;Acido Folico_Maltacare;Materia Prima;Principio Ativo;0.000006;-20.462.456;-54.538.899
39;Acido Folico_Mercantil;Materia Prima;Principio Ativo;0.000006;-16.045.072;-47.975.996
40;Acido Folico_Methabio;Materia Prima;Principio Ativo;0.000006;-15.802.829;4.795.543
41;Acido Folico_Multifarma;Materia Prima;Principio Ativo;0.000006;-19.772.729;-43.953.963
42;Acido Folico_Rede;Materia Prima;Principio Ativo;0.000006;-15.805.172;-47.884.299
43;Acido Folico_Semear;Materia Prima;Principio Ativo;0.000006;-20.344.763;-40.307.437
44;Acido Folico_Soin_Vie;Materia Prima;Principio Ativo;0.000006;-23.614.363;-46.882.205
45;Acido Folico_Stock;Materia Prima;Principio Ativo;0.000006;-29.722.313;-52.424.867
46;Acido Folico_Ultramed;Materia Prima;Principio Ativo;0.000006;-15.796.952;-47.945.883
47;Acido Folico_WL;Materia Prima;Principio Ativo;0.000006;-15.756.014;-47.927.731
48;Alcool Etilico_Cientific;Materia Prima;Excipiente;0.000013;-23.619.846;-46.660.765
49;Alcool Etilico_Rey_Glass;Materia Prima;Excipiente;0.000013;-23.506.248;-46.482.291
50;Alcool Etilico_Orbital;Materia Prima;Excipiente;0.000013;-18.905.421;-48.248.924
51;Alcool Etilico_Sigma;Materia Prima;Excipiente;0.000013;-23.669.666;-46.496.892
52;Alcool Etilico_Reag_Lab;Materia Prima;Excipiente;0.000013;-22.893.415;-4.326.946
53;Alcool Etilico_Comercial;Materia Prima;Excipiente;0.000013;-22.673.499;-46.998.169
54;Alcool Etilico_Clever;Materia Prima;Excipiente;0.000013;-19.820.122;-4.397.984
56;Alcool Etilico_FV_Naylors;Materia Prima;Excipiente;0.000013;-22.896.382;-43.176.541
57;Alcool Etilico_JTH;Materia Prima;Excipiente;0.000013;-22.521.273;-4.193.236
58;Alcool Etilico_MH;Materia Prima;Excipiente;0.000013;-22.515.569;-4.193.386
59;Alcool Etilico_Hiperlab;Materia Prima;Excipiente;0.000013;-23.451.157;-4.651.307
60;Alcool Etilico_Pro_Analise;Materia Prima;Excipiente;0.000013;-2.359.563;-46.883.204
62;Alcool Etilico_JDL;Materia Prima;Excipiente;0.000013;-22.939.673;-43.602.429
63;Alcool Etilico_Safira;Materia Prima;Excipiente;0.000013;-19.813.574;-43.945.879
64;Alcool Etilico_Job;Materia Prima;Excipiente;0.000013;-22.529.075;-44.192.406
65;Alcool Etilico_Jose_Dantas;Materia Prima;Excipiente;0.000013;-69.589.342;-34.827.484
66;Alcool Etilico_Alta_Serrana;Materia Prima;Excipiente;0.000013;-21.196.626;-47.814.534
67;Alcool Etilico_Technav;Materia Prima;Excipiente;0.000013;-2.290.878;-43.597.657
68;Alcool Etilico_TY;Materia Prima;Excipiente;0.000013;-22.176.217;-47.374.297
69;Alcool Etilico_Neo_Med;Materia Prima;Excipiente;0.000013;-22.601.899;-43.172.818
70;Alcool Etilico_Gatti;Materia Prima;Excipiente;0.000013;-23.485.277;-46.361.548
71;Alcool Etilico_Genesys;Materia Prima;Excipiente;0.000013;-22.843.705;-43.252.274
72;Alcool Etilico_RT;Materia Prima;Excipiente;0.000013;-22.837.128;-43.257.453
73;Alcool Etilico_Fator;Materia Prima;Excipiente;0.000013;-22.894.079;-43.123.355
74;Alcool Etilico_Alvotex;Materia Prima;Excipiente;0.000013;-22.885.659;-43.215.201
75;Alcool Etilico 96 GL_Cientific;Materia Prima;Excipiente;0.000003;-23.619.846;-46.660.765
76;Alcool Etilico 96 GL_Rey_Glass;Materia Prima;Excipiente;0.000003;-23.619.846;-46.660.765
77;Alcool Etilico 96 GL_Orbital;Materia Prima;Excipiente;0.000003;-18.905.421;-48.248.924
78;Alcool Etilico 96 GL_Sigma;Materia Prima;Excipiente;0.000003;-23.669.666;-46.496.892
79;Alcool Etilico 96 GL_Reag_Lab;Materia Prima;Excipiente;0.000003;-22.893.415;-4.326.946
80;Alcool Etilico 96 GL_Comercial;Materia Prima;Excipiente;0.000003;-22.673.499;-46.998.169
81;Alcool Etilico 96 GL_Clever;Materia Prima;Excipiente;0.000003;-19.820.122;-4.397.984
82;Alcool Etilico 96 GL_Nathvitta;Materia Prima;Excipiente;0.000003;-23.006.436;-43.536.424
83;Alcool Etilico 96 GL_FV_Naylors;Materia Prima;Excipiente;0.000003;-22.896.382;-43.176.541
84;Alcool Etilico 96 GL_JTH;Materia Prima;Excipiente;0.000003;-22.521.273;-4.193.236
85;Alcool Etilico 96 GL_MH;Materia Prima;Excipiente;0.000003;-22.515.569;-4.193.386
86;Alcool Etilico 96 GL_Hiperlab;Materia Prima;Excipiente;0.000003;-23.451.157;-4.651.307
87;Alcool Etilico 96 GL_Pro_Analise;Materia Prima;Excipiente;0.000003;-2.359.563;-46.883.204
89;Alcool Etilico 96 GL_JDL;Materia Prima;Excipiente;0.000003;-22.939.673;-43.602.429
90;Alcool Etilico 96 GL_Safira;Materia Prima;Excipiente;0.000003;-19.813.574;-43.945.879
91;Alcool Etilico 96 GL_Job;Materia Prima;Excipiente;0.000003;-22.529.075;-44.192.406
92;Alcool Etilico 96 GL_Jose_Dantas;Materia Prima;Excipiente;0.000003;-69.589.342;-34.827.484
93;Alcool Etilico 96 GL_Alta_Serrana;Materia Prima;Excipiente;0.000003;-21.196.626;-47.814.534
94;Alcool Etilico 96 GL_Technav;Materia Prima;Excipiente;0.000003;-2.290.878;-43.597.657
95;Alcool Etilico 96 GL_TY;Materia Prima;Excipiente;0.000003;-22.176.217;-47.374.297
96;Alcool Etilico 96 GL_Neo_Med;Materia Prima;Excipiente;0.000003;-22.601.899;-43.172.818
97;Alcool Etilico 96 GL_Gatti;Materia Prima;Excipiente;0.000003;-23.485.277;-46.361.548
98;Alcool Etilico 96 GL_Genesys;Materia Prima;Excipiente;0.000003;-22.843.705;-43.252.274
99;Alcool Etilico 96 GL_RT;Materia Prima;Excipiente;0.000003;-22.837.128;-43.257.453
100;Alcool Etilico 96 GL_Fator;Materia Prima;Excipiente;0.000003;-22.894.079;-43.123.355
101;Alcool Etilico 96 GL_Alvotex;Materia Prima;Excipiente;0.000003;-22.885.659;-43.215.201
102;Alcool Isopropilico_Orbital;Materia Prima;Excipiente;0.000003;-18.905.421;-48.248.924
103;Alcool Isopropilico_Cientific;Materia Prima;Excipiente;0.000003;-23.619.846;-46.660.765
104;Alcool Isopropilico_Sigma;Materia Prima;Excipiente;0.000003;-23.669.666;-46.496.892
105;Alcool Polivinilico_Sulfal;Materia Prima;Excipiente;0.000003;-23.546.109;-46.654.517
106;Amido_Tovani;Materia Prima;Excipiente;0.000009;-23.546.109;-46.654.517
107;Amido de Milho_Sulminas;Materia Prima;Excipiente;0.000013;-21.802.942;-45.416.522
108;Amido de Milho Pre-Gelatinizado_Sulminas;Materia Prima;Excipiente;0.000003;-21.802.942;-45.416.522
109;Amido Pre-Gelatinizado_Sulminas;Materia Prima;Excipiente;0.000013;-21.802.942;-45.416.522
110;Amidoglicolato de Sodio_Itacel;Materia Prima;Excipiente;0.000016;-23.529.705;-46.962.336
111;Artesunato_LAS;Materia Prima;Principio Ativo;0.000006;-16.777.368;-49.271.022
114;Atorvastatina Calcila_Novartis;Materia Prima;Principio Ativo;0.000006;-23.276.683;-51.270.912
115;Atorvastatina Calcila_Hosp;Materia Prima;Principio Ativo;0.000006;-15.789.134;-47.982.855
116;Atorvastatina Calcila_CM;Materia Prima;Principio Ativo;0.000006;-23.526.104;-46.783.746
117;Atorvastatina Calcila_Cirurgica;Materia Prima;Principio Ativo;0.000006;-29.702.732;-52.431.117
118;Atorvastatina Calcila_Amgen;Materia Prima;Principio Ativo;0.000006;-23.613.731;-46.769.528
119;Bicarbonato de Sodio_Orbital;Materia Prima;Excipiente;0.000003;-18.905.421;-48.248.924
120;Bicarbonato de Sodio_Rey_Glass;Materia Prima;Excipiente;0.000003;-23.506.248;-46.482.291
121;Bicarbonato de Sodio_Fox;Materia Prima;Excipiente;0.000003;-2.285.036;-43.251.228
122;Bicarbonato de Sodio_Multiplos;Materia Prima;Excipiente;0.000003;-12.985.167;-38.454.159
123;Bicarbonato de Sodio_Sigma;Materia Prima;Excipiente;0.000003;-23.669.666;-46.496.892
124;Cabergolina_Carvalhaes;Materia Prima;Principio Ativo;0.000006;-23.223.188;-46.783.035
125;Cabergolina_Chempex;Materia Prima;Principio Ativo;0.000006;-2.344.208;-46.527.708
126;Cabergolina_CMS;Materia Prima;Principio Ativo;0.000006;-22.634.951;-47.184.194
127;Cabergolina_Interprise;Materia Prima;Principio Ativo;0.000006;-22.772.955;-47.139.052
128;Cabergolina_LBF;Materia Prima;Principio Ativo;0.000006;-2.354.685;-46.600.109
129;Capsula gelatinosa dura_Chemyunion;Materia Prima;Excipiente;0.000003;-2.344.208;-46.527.708
130;Captopril_Pablo;Materia Prima;Principio Ativo;0.000006;-22.760.384;-47.145.298
131;Captopril_Loderme;Materia Prima;Principio Ativo;0.000006;-22.896.871;-43.106.621
132;Captopril_Famader;Materia Prima;Principio Ativo;0.000006;-25.533;-4.919.281
133;Captopril_Eliah;Materia Prima;Principio Ativo;0.000006;-22.979.138;-43.192.803
134;Carbonato de Calcio_Fox;Materia Prima;Excipiente;0.000003;-2.285.036;-43.251.228
135;Carbonato de Calcio_Rogeria;Materia Prima;Excipiente;0.000003;-21.993.188;-47.909.186
136;Carbonato de Calcio_Apice;Materia Prima;Excipiente;0.000003;-1.990.542;-43.945.754
137;Celulose Microcistalina_Sigma;Materia Prima;Excipiente;0.000003;-23.669.666;-46.496.892
138;Celulose Microcristalina 101_Sigma;Materia Prima;Excipiente;0.000003;-23.669.666;-46.496.892
139;Celulose Microcristalina 102_Sigma;Materia Prima;Excipiente;0.000006;-23.669.666;-46.496.892
140;Celulose Monocristalina_Sigma;Materia Prima;Excipiente;0.000006;-23.669.666;-46.496.892
141;Cloridrato de Etambutol_FURP;Materia Prima;Principio Ativo;0.000006;-23.471.894;-46.544.778
142;Cloridrato de Mefloquina_Olon;Materia Prima;Principio Ativo;0.000006;-23.589.782;-46.678.572
143;Cloridrato de Sevelamer_ITF;Materia Prima;Principio Ativo;0.000006;-12.627.505;-38.318.445
144;Cloroquina_JMC;Materia Prima;Principio Ativo;0.000006;-1.293.894;-48.156.844
145;Copovidona_Ashland;Materia Prima;Excipiente;0.000003;35.490.366;-82.549.292
146;Corante Amarelo Laca FDC 5_Colorcon;Materia Prima;Excipiente;0.000003;-23.136.235;-4.723.387
147;Corante Amarelo Laca FDC 5_Sul_de_Minas;Materia Prima;Excipiente;0.000003;-23.463.077;-46.641.564
148;Corante Amarelo Laca FDC 5_Cientific;Materia Prima;Excipiente;0.000003;-23.619.846;-46.660.765
149;Corante Amarelo Laca FDC 5_Orbital;Materia Prima;Excipiente;0.000003;-18.905.421;-48.248.924
150;Corante Amarelo Laca FDC 5_Fox;Materia Prima;Excipiente;0.000003;-2.285.036;-43.251.228
151;Corante Amarelo Laca FDC 5_Obah;Materia Prima;Excipiente;0.000003;-23.612.171;-46.734.765
152;Corante Azul Laca FDC 2_Colorcon;Materia Prima;Excipiente;0.000006;-23.136.235;-4.723.387
153;Corante Azul Laca FDC 2_Sul_de_Minas;Materia Prima;Excipiente;0.000006;-23.463.077;-46.641.564
154;Corante Azul Laca FDC 2_Cientific;Materia Prima;Excipiente;0.000006;-23.619.846;-46.660.765
155;Corante Azul Laca FDC 2_Orbital;Materia Prima;Excipiente;0.000006;-18.905.421;-48.248.924
156;Corante Azul Laca FDC 2_Fox;Materia Prima;Excipiente;0.000006;-2.285.036;-43.251.228
157;Corante Azul Laca FDC 2_Obah;Materia Prima;Excipiente;0.000006;-23.612.171;-46.734.765
158;Corante Branco Opadry_Colorcon;Materia Prima;Excipiente;0.000003;-23.136.235;-4.723.387
159;Corante Branco Opadry_Sul_de_Minas;Materia Prima;Excipiente;0.000003;-23.463.077;-46.641.564
160;Corante Branco Opadry_Cientific;Materia Prima;Excipiente;0.000003;-23.619.846;-46.660.765
161;Corante Branco Opadry_Orbital;Materia Prima;Excipiente;0.000003;-18.905.421;-48.248.924
162;Corante Branco Opadry_Fox;Materia Prima;Excipiente;0.000003;-2.285.036;-43.251.228
163;Corante Branco Opadry_Obah;Materia Prima;Excipiente;0.000003;-23.612.171;-46.734.765
164;Corante FD&C AZUL n2_Colorcon;Materia Prima;Excipiente;0.000003;-23.136.235;-4.723.387
165;Corante FD&C AZUL n2_Sul_de_Minas;Materia Prima;Excipiente;0.000003;-23.463.077;-46.641.564
166;Corante FD&C AZUL n2_Cientific;Materia Prima;Excipiente;0.000003;-23.619.846;-46.660.765
167;Corante FD&C AZUL n2_Orbital;Materia Prima;Excipiente;0.000003;-18.905.421;-48.248.924
168;Corante FD&C AZUL n2_Fox;Materia Prima;Excipiente;0.000003;-2.285.036;-43.251.228
169;Corante FD&C AZUL n2_Obah;Materia Prima;Excipiente;0.000003;-23.612.171;-46.734.765
170;Corante Vermelho Laca FDC 3_Colorcon;Materia Prima;Excipiente;0.000003;-23.136.235;-4.723.387
171;Corante Vermelho Laca FDC 3_Sul_de_Minas;Materia Prima;Excipiente;0.000003;-23.463.077;-46.641.564
172;Corante Vermelho Laca FDC 3_Cientific;Materia Prima;Excipiente;0.000003;-23.619.846;-46.660.765
173;Corante Vermelho Laca FDC 3_Orbital;Materia Prima;Excipiente;0.000003;-18.905.421;-48.248.924
174;Corante Vermelho Laca FDC 3_Fox;Materia Prima;Excipiente;0.000003;-2.285.036;-43.251.228
175;Corante Vermelho Laca FDC 3_Obah;Materia Prima;Excipiente;0.000003;-23.612.171;-46.734.765
176;Corante Vermelho Ponceau 4R laca de aluminio_Colorcon;Materia Prima;Excipiente;0.000003;-23.136.235;-4.723.387
177;Corante Vermelho Ponceau 4R laca de aluminio_Sul_de_Minas;Materia Prima;Excipiente;0.000003;-23.463.077;-46.641.564
178;Corante Vermelho Ponceau 4R laca de aluminio_Cientific;Materia Prima;Excipiente;0.000003;-23.619.846;-46.660.765
179;Corante Vermelho Ponceau 4R laca de aluminio_Orbital;Materia Prima;Excipiente;0.000003;-18.905.421;-48.248.924
180;Corante Vermelho Ponceau 4R laca de aluminio_Fox;Materia Prima;Excipiente;0.000003;-2.285.036;-43.251.228
181;Corante Vermelho Ponceau 4R laca de aluminio_Obah;Materia Prima;Excipiente;0.000003;-23.612.171;-46.734.765
182;Croscarmelose Sodica_Itacel;Materia Prima;Excipiente;0.000028;-23.529.705;-46.962.336
183;Crospovidona_Sul_de_Minas;Materia Prima;Excipiente;0.000009;-23.463.077;-46.641.564
184;Crospovidona XL_Sul_de_Minas;Materia Prima;Excipiente;0.000003;-23.463.077;-46.641.564
185;DI-Alfa tocoferol_Sigma;Materia Prima;Excipiente;0.000003;-23.669.666;-46.496.892
186;DI-Alfa tocoferol_Interprise;Materia Prima;Excipiente;0.000003;-22.772.955;-47.139.052
187;DI-Alfa tocoferol_CTM;Materia Prima;Excipiente;0.000003;-30.016.706;-51.146.401
188;Diazepam_Biolab;Materia Prima;Principio Ativo;0.000006;-23.618.894;-46.696.231
189;Diazepam_Comercial;Materia Prima;Principio Ativo;0.000006;-22.673.499;-46.998.169
190;Diazepam_Cristalia;Materia Prima;Principio Ativo;0.000006;-22.467.297;-46.599.678
191;Diazepam_Tatiana;Materia Prima;Principio Ativo;0.000006;-23.335.842;-47.842.046
192;Diclorato de Pramipexol_Boehringer;Materia Prima;Principio Ativo;0.000006;-23.690.778;-46.858.003
193;Dietilcarbamazina Citrato_Nortec;Materia Prima;Principio Ativo;0.000006;-22.608.366;-43.291.479
194;Dioxido de Silicio_Sul_de_Minas;Materia Prima;Excipiente;0.000006;-23.463.077;-46.641.564
195;Dioxido de Silicio Coloidal_Sul_de_Minas;Materia Prima;Excipiente;0.000009;-23.463.077;-46.641.564
196;Dioxido de Titanio_LSC;Materia Prima;Excipiente;0.000013;-23.697.326;-46.606.821
197;Dioxido de Titanio_Sulminas;Materia Prima;Excipiente;0.000013;-21.802.942;-45.416.522
198;Dolutegravir_Glaxosmithkline;Materia Prima;Principio Ativo;0.000006;50.834.554;-35.761.935
199;Efavirenz_Cristalia;Materia Prima;Principio Ativo;0.000006;-22.467.297;-46.599.678
200;Emulsao Simeticona_Viva;Materia Prima;Excipiente;0.000003;-19.907.831;-43.973.113
201;Emulsao Simeticona_Via_Pharma;Materia Prima;Excipiente;0.000003;-25.433.195;-49.275.133
202;Emulsao Simeticona_Terra_Sul;Materia Prima;Excipiente;0.000003;-27.637.105;-52.250.874
203;Emulsao Simeticona_Prosper;Materia Prima;Excipiente;0.000003;-16.688.023;-49.262.901
204;Emulsao Simeticona_Prontofar;Materia Prima;Excipiente;0.000003;-19.876.013;-4.394.879
205;Emulsao Simeticona_Drogafonte;Materia Prima;Excipiente;0.000003;-80.327.554;-34.945.428
206;Emulsao Simeticona_Exemplarmed;Materia Prima;Excipiente;0.000003;-27.639.357;-52.252.111
207;Emulsao Simeticona_Fresenius;Materia Prima;Excipiente;0.000003;-23.501.807;-46.819.714
208;Emulsao Simeticona_Goiania;Materia Prima;Excipiente;0.000003;-16.820.673;-49.210.912
209;Emulsao Simeticona_Guerbet;Materia Prima;Excipiente;0.000003;-2.293.176;-43.375.553
210;Emulsao Simeticona_Inovamed;Materia Prima;Excipiente;0.000003;-27.643.208;-52.226.769
211;Emulsao Simeticona_Integra;Materia Prima;Excipiente;0.000003;-25.497.432;-49.293.785
212;Emulsao Simeticona_Medcom;Materia Prima;Excipiente;0.000003;-23.506.914;-46.582.301
213;Emulsao Simeticona_Mediton;Materia Prima;Excipiente;0.000003;-2.622.796;-52.667.255
214;Emulsao Simeticona_Medmax;Materia Prima;Excipiente;0.000003;-2.763.532;-52.240.627
215;Emulsao Simeticona_Medx;Materia Prima;Excipiente;0.000003;-2.047.357;-54.593.326
216;Emulsao Simeticona_NSA;Materia Prima;Excipiente;0.000003;-2.033.131;-40.345.442
217;Emulsao Simeticona_Onco;Materia Prima;Excipiente;0.000003;-23.589.782;-46.678.572
218;Emulsao Simeticona_Perland;Materia Prima;Excipiente;0.000003;-23.169.954;-50.623.506
219;Emulsao Simeticona_Promefarma;Materia Prima;Excipiente;0.000003;-25.513.108;-49.325.672
220;Emulsao Simeticona_3MED;Materia Prima;Excipiente;0.000003;-27.639.613;-52.249.359
221;Emulsao Simeticona_ADL;Materia Prima;Excipiente;0.000003;-27.632.458;-5.224.738
222;Emulsao Simeticona_Ancora;Materia Prima;Excipiente;0.000003;-58.614.027;-35.221.679
223;Emulsao Simeticona_Baxter;Materia Prima;Excipiente;0.000003;-23.675.182;-46.685.703
224;Emulsao Simeticona_Capromed;Materia Prima;Excipiente;0.000003;-20.838.863;-49.360.127
225;Emulsao Simeticona_Casula;Materia Prima;Excipiente;0.000003;-1.997.805;-43.999.719
226;Emulsao Simeticona_Centermedi;Materia Prima;Excipiente;0.000003;-27.621.512;-52.362.097
227;Emulsao Simeticona_Chrispim;Materia Prima;Excipiente;0.000003;-21.778.455;-43.340.942
228;Emulsao Simeticona_Cientifica;Materia Prima;Excipiente;0.000003;-16.724.311;-49.244.008
229;Emulsao Simeticona_Cirurgica_Itambe;Materia Prima;Excipiente;0.000003;-23.418.853;-51.951.997
230;Emulsao Simeticona_Cirurgica_Santa_Cruz;Materia Prima;Excipiente;0.000003;-29.702.732;-52.431.117
231;Emulsao Simeticona_CM;Materia Prima;Excipiente;0.000003;-23.643.032;-46.724.312
232;Emulsao Simeticona_Comercial;Materia Prima;Excipiente;0.000003;-21.366.215;-46.519.334
233;Emulsao Simeticona_Cristalia;Materia Prima;Excipiente;0.000003;-22.467.297;-46.599.678
234;Emulsao Simeticona_Pro_Saude;Materia Prima;Excipiente;0.000003;-18.901.267;-48.272.883
235;Entricitabina_Blanver;Materia Prima;Principio Ativo;0.000006;-2.361.552;-4.678.224
237;Estearato de Magnesio_Sul_de_Minas;Materia Prima;Excipiente;0.000079;-23.463.077;-46.641.564
238;Estearilfumarato de Sodio_Exata;Materia Prima;Excipiente;0.000003;-80.374.406;-34.933.896
239;Estearilfumarato de Sodio_Biogen;Materia Prima;Excipiente;0.000003;-23.588.542;-46.684.479
240;Etionamida_BR_MAC;Materia Prima;Principio Ativo;0.000006;-22.900.573;-43.173.603
241;Etionamida_CAQ;Materia Prima;Principio Ativo;0.000006;-23.692.413;-46.602.937
242;Eudragit E-100_Evonik;Materia Prima;Excipiente;0.000003;-23.622.378;-46.696.533
243;Fenobarbital_Uniao;Materia Prima;Principio Ativo;0.000006;-22.939.673;-43.602.429
244;Fenobarbital_Prati;Materia Prima;Principio Ativo;0.000006;-24.712.282;-53.753.865
245;Fenobarbital_Medic;Materia Prima;Principio Ativo;0.000006;-28.926.549;-49.662.083
246;Fenobarbital_Interlab;Materia Prima;Principio Ativo;0.000006;-23.474.767;-46.616.959
247;Fenobarbital_Daniel;Materia Prima;Principio Ativo;0.000006;-23.942.387;-4.632.872
248;Fenobarbital_Cristalia;Materia Prima;Principio Ativo;0.000006;-22.467.297;-46.599.678
249;Fosfato de Calcio Dibasico_Maria_Jose;Materia Prima;Excipiente;0.000003;-22.880.278;-43.259.443
250;Fosfato de Calcio Dibasico_Rey_Glass;Materia Prima;Excipiente;0.000003;-23.506.248;-46.482.291
251;Fosfato de Calcio Dibasico_Sul_de_Minas;Materia Prima;Excipiente;0.000003;-23.463.077;-46.641.564
252;Fumarato de Tenofavir Desoproxila_Exata;Materia Prima;Principio Ativo;0.000013;-80.374.406;-34.933.896
253;Fumarato de Tenofavir Desoproxila_Biogen;Materia Prima;Principio Ativo;0.000013;-23.588.542;-46.684.479
254;Gelatina_Cipaflex;Materia Prima;Excipiente;0.000006;-22.867.732;-43.254.616
255;Gelatina_KLM;Materia Prima;Excipiente;0.000006;-22.868.902;-43.271.348
256;Gelatina_Ventralis;Materia Prima;Excipiente;0.000006;-22.871.188;-43.254.592
257;Goma Xantana_Adonex;Materia Prima;Excipiente;0.000003;-23.503.018;-46.482.737
258;Goma Xantana_Crystallab;Materia Prima;Excipiente;0.000003;-10.952.394;-38.737.858
259;Goma Xantana_Floptech;Materia Prima;Excipiente;0.000003;-27.598.866;-48.634.176
260;Goma Xantana_IDM;Materia Prima;Excipiente;0.000003;-16.734.059;-49.252.352
261;Goma Xantana_Labware;Materia Prima;Excipiente;0.000003;-23.629.745;-46.660.071
262;Goma Xantana_Multiplier;Materia Prima;Excipiente;0.000003;-18.889.742;-48.252.168
263;Hidroxipropilcelulose_Ashland;Materia Prima;Excipiente;0.000003;35.490.366;-82.549.292
264;Hiprolose_Sulminas;Materia Prima;Excipiente;0.000003;-21.802.942;-45.416.522
265;Hipromelose_Sulminas;Materia Prima;Excipiente;0.000009;-21.802.942;-45.416.522
266;Insulina Humana Recombinante_Nordisk;Materia Prima;Principio Ativo;0.000006;-23.520.824;-46.669.503
268;Isoniazida_BR_Mac;Materia Prima;Principio Ativo;0.000019;-22.900.573;-43.173.603
269;Isoniazida_Sulminas;Materia Prima;Principio Ativo;0.000019;-21.802.942;-45.416.522
270;Lactose Anidra_Sulminas;Materia Prima;Excipiente;0.000003;-21.802.942;-45.416.522
271;Lactose Monohidratada spray dried_Sulminas;Materia Prima;Excipiente;0.000003;-21.802.942;-45.416.522
272;Lactose Monoidratada_Sulminas;Materia Prima;Excipiente;0.000022;-21.802.942;-45.416.522
273;Lactose spray-dried_Sulminas;Materia Prima;Excipiente;0.000003;-21.802.942;-45.416.522
274;Lamivudina_Cristalia;Materia Prima;Principio Ativo;0.000013;-22.467.297;-46.599.678
275;Lamivudina_Ultramed;Materia Prima;Principio Ativo;0.000013;-15.796.952;-47.945.883
276;Lauril Sulfato de Sodio_Proc9;Materia Prima;Excipiente;0.000013;-29.943.942;-51.173.688
277;Lauril Sulfato de Sodio_Cientific;Materia Prima;Excipiente;0.000013;-23.619.846;-46.660.765
278;Lecitina de soja_Alfalab;Materia Prima;Excipiente;0.000003;-22.919.553;-43.199.106
279;Lecitina de soja_FSW;Materia Prima;Excipiente;0.000003;-22.889.464;-43.270.272
280;Lecitina de soja_MA2;Materia Prima;Excipiente;0.000003;-23.504.696;-46.484.014
281;Lecitina de soja_Phadia;Materia Prima;Excipiente;0.000003;-23.563.556;-46.694.905
282;Lecitina de soja_Rey_Glass;Materia Prima;Excipiente;0.000003;-23.506.248;-46.482.291
283;Lecitina de soja_Vitralab;Materia Prima;Excipiente;0.000003;-25.433.195;-49.275.133
284;Leucina_Quantiq;Materia Prima;Excipiente;0.000003;-23.414.401;-46.372.568
286;Macrogol_Beckman;Materia Prima;Excipiente;0.000006;-23.496.587;-46.840.798
287;Macrogol_Criativa;Materia Prima;Excipiente;0.000006;-23.569.846;-46.549.114
288;Macrogol_Induslab;Materia Prima;Excipiente;0.000006;-2.331.464;-51.191.167
289;Macrogol_Sigma;Materia Prima;Excipiente;0.000006;-23.669.666;-46.496.892
291;Macrogol_Pro_Analise;Materia Prima;Excipiente;0.000006;-2.359.563;-46.883.204
292;Macrogol_Promega;Materia Prima;Excipiente;0.000006;-23.621.947;-46.680.167
293;Manitol_Clinical;Materia Prima;Excipiente;0.000016;-22.892.475;-43.183.313
294;Manitol_Exodo;Materia Prima;Excipiente;0.000016;-22.820.882;-4.720.745
296;Manitol_Sigma;Materia Prima;Excipiente;0.000016;-23.669.666;-46.496.892
297;Manitol Granulado_Clinical;Materia Prima;Excipiente;0.000003;-22.892.475;-43.183.313
298;Manitol Granulado_Exodo;Materia Prima;Excipiente;0.000003;-22.820.882;-4.720.745
300;Manitol Granulado_Sigma;Materia Prima;Excipiente;0.000003;-23.669.666;-46.496.892
301;Mesilato de Imatinibe_Cristalia;Materia Prima;Principio Ativo;0.000006;-22.467.297;-46.599.678
302;Nevirapina_BR_Mac;Materia Prima;Principio Ativo;0.000006;-22.900.573;-43.173.603
303;Opadry_Colorcon;Materia Prima;Excipiente;0.000003;-23.136.235;-4.723.387
304;Opadry Clear YS-1-7006_Colorcon;Materia Prima;Excipiente;0.000006;-23.136.235;-4.723.387
305;Opadry II Amarelo_Colorcon;Materia Prima;Excipiente;0.000003;-23.136.235;-4.723.387
306;Opadry II Y-30-10701 azul_Colorcon;Materia Prima;Excipiente;0.000003;-23.136.235;-4.723.387
307;Opadry White_Colorcon;Materia Prima;Excipiente;0.000009;-23.136.235;-4.723.387
308;Oseltamivir_MSN;Materia Prima;Principio Ativo;0.000006;17.560.202;78.228.968
309;Oseltamivir_Hoffmann;Materia Prima;Principio Ativo;0.000006;43.611.558;-7.974.762
310;Oxido de Ferro Amarelo_MDX;Materia Prima;Excipiente;0.000006;-19.977.443;-44.388.159
311;Oxido de Ferro Amarelo_Alfa;Materia Prima;Excipiente;0.000006;-23.500.707;-46.756.864
312;Oxido de ferro preto_MDX;Materia Prima;Excipiente;0.000003;-19.977.443;-44.388.159
313;Oxido de ferro preto_Alfa;Materia Prima;Excipiente;0.000003;-23.500.707;-46.756.864
314;Oxido de ferro vermelho_MDX;Materia Prima;Excipiente;0.000006;-19.977.443;-44.388.159
315;Oxido de ferro vermelho_Alfa;Materia Prima;Excipiente;0.000006;-23.500.707;-46.756.864
316;Palmitato Retinol (Vitamina A)_Catalent;Materia Prima;Principio Ativo;0.000006;-23.434.394;-47.381.306
317;Palmitato Retinol (Vitamina A)_Relthy;Materia Prima;Principio Ativo;0.000006;-2.312.893;-47.225.488
319;Pirazinamida_JMC;Materia Prima;Principio Ativo;0.000006;-1.293.894;-48.156.844
320;PolietIlenoglicol 6000_Beckman;Materia Prima;Excipiente;0.000003;-23.496.587;-46.840.798
321;PolietIlenoglicol 6000_Criativa;Materia Prima;Excipiente;0.000003;-23.569.846;-46.549.114
322;PolietIlenoglicol 6000_Induslab;Materia Prima;Excipiente;0.000003;-2.331.464;-51.191.167
323;PolietIlenoglicol 6000_Sigma;Materia Prima;Excipiente;0.000003;-23.669.666;-46.496.892
324;PolietIlenoglicol 6000_Sul_de_Minas;Materia Prima;Excipiente;0.000003;-23.463.077;-46.641.564
326;PolietIlenoglicol 6000_Pro_Analise;Materia Prima;Excipiente;0.000003;-2.359.563;-46.883.204
327;PolietIlenoglicol 6000_Bio-Rad;Materia Prima;Excipiente;0.000003;-23.618.894;-46.696.231
328;PolietIlenoglicol 6000_Biocell;Materia Prima;Excipiente;0.000003;-19.926.655;-43.960.416
329;PolietIlenoglicol 6000_CM;Materia Prima;Excipiente;0.000003;-23.643.032;-46.724.312
330;PolietIlenoglicol 6000_Fox;Materia Prima;Excipiente;0.000003;-2.285.036;-43.251.228
331;PolietIlenoglicol 6000_JKLab;Materia Prima;Excipiente;0.000003;-16.709.258;-49.288.971
332;PolietIlenoglicol 6000_Ludwig;Materia Prima;Excipiente;0.000003;-29.999.263;-51.074.225
333;PolietIlenoglicol 6000_Maklab;Materia Prima;Excipiente;0.000003;-22.912.071;-47.084.432
335;PolietIlenoglicol 6000_Promega;Materia Prima;Excipiente;0.000003;-23.621.947;-46.680.167
337;Polissorbato 80_Croda;Materia Prima;Excipiente;0.000006;-22.989.254;-47.110.248
338;Povidona_Sulminas;Materia Prima;Excipiente;0.000022;-21.802.942;-45.416.522
339;Povidona_CAQ;Materia Prima;Excipiente;0.000022;-23.692.413;-46.602.937
340;Povidona_Crisbella;Materia Prima;Excipiente;0.000022;-2.297.671;-43.458.166
341;Povidona_Cientific;Materia Prima;Excipiente;0.000022;-23.619.846;-46.660.765
342;Povidona K-30_BR_Mac;Materia Prima;Excipiente;0.000006;-22.900.573;-43.173.603
343;Povidona K-30_Sul_de_Minas;Materia Prima;Excipiente;0.000006;-23.463.077;-46.641.564
344;Povidona K-30_CAQ;Materia Prima;Excipiente;0.000006;-23.692.413;-46.602.937
345;Povidona K-30_Sulminas;Materia Prima;Excipiente;0.000006;-21.802.942;-45.416.522
346;Povidona K-30_Crisbella;Materia Prima;Excipiente;0.000006;-2.297.671;-43.458.166
347;Praziquantel_BR_Mac;Materia Prima;Principio Ativo;0.000006;-22.900.573;-43.173.603
348;Primaquina_Sul_de_Minas;Materia Prima;Principio Ativo;0.000006;-23.463.077;-46.641.564
349;Primaquina_JMC;Materia Prima;Principio Ativo;0.000006;-1.293.894;-48.156.844
350;Primaquina_Essencias;Materia Prima;Principio Ativo;0.000006;-22.887.541;-43.113.638
351;Ribavirina_Nortec;Materia Prima;Principio Ativo;0.000006;-22.608.366;-43.291.479
352;Ribavirina_JMC;Materia Prima;Principio Ativo;0.000006;-1.293.894;-48.156.844
355;Sulfato de Atazanavir_Nortec;Materia Prima;Principio Ativo;0.000006;-22.608.366;-43.291.479
358;Sulfato Ferroso_FURP;Materia Prima;Principio Ativo;0.000006;-23.471.894;-46.544.778
359;Sulfato Ferroso_Dimaster;Materia Prima;Principio Ativo;0.000006;-27.617.832;-52.365.795
360;Talco_Sul_de_Minas;Materia Prima;Excipiente;0.000016;-23.463.077;-46.641.564
361;Talco 325 mesh_Fasvith;Materia Prima;Excipiente;0.000003;-20.200.077;40.306.646
362;Talco 325 mesh_Sul_de_Minas;Materia Prima;Excipiente;0.000003;-23.463.077;-46.641.564
363;Tracolimo_Biocon;Materia Prima;Principio Ativo;0.000006;-20.154.599;-43.945.119
364;Tracolimo_Libbs;Materia Prima;Principio Ativo;0.000006;-2.361.716;-46.816.155
365;Zidovudina_Lafepe;Materia Prima;Principio Ativo;0.000013;-80.108.248;-3.493.798
366;Zidovudina_FURP;Materia Prima;Principio Ativo;0.000013;-23.471.894;-46.544.778
367;Zidovudina_Cristalia;Materia Prima;Principio Ativo;0.000013;-22.467.297;-46.599.678
368;Envelope Kraft_MN;Materia Prima;Excipiente;0.000009;-22.841.692;-43.262.199
369;Envelope Kraft_DGL;Materia Prima;Excipiente;0.000009;-22.837.992;-43.241.407
370;Envelope Kraft_DEGRAPH;Materia Prima;Excipiente;0.000009;-22.860.901;-43.303.232
372;Envelope Kraft_Escala;Materia Prima;Excipiente;0.000009;-22.761.642;-43.308.542
373;Envelope Kraft_Grafica;Materia Prima;Excipiente;0.000009;-22.666.816;-50.421.541
374;Envelope Kraft_Industria;Materia Prima;Excipiente;0.000009;-23.493.835;-46.818.816
375;Envelope Kraft_Maria Lucia;Materia Prima;Excipiente;0.000009;-22.880.278;-43.259.443
376;Envelope Kraft_Pimore;Materia Prima;Excipiente;0.000009;-22.839.694;-43.261.366
377;Envelope Kraft_Printideias;Materia Prima;Excipiente;0.000009;-15.844.221;-48.116.736
378;Envelope Kraft_Prisma;Materia Prima;Excipiente;0.000009;-22.986.016;-43.550.063
379;Envelope Kraft_Sidesign;Materia Prima;Excipiente;0.000009;-23.438.254;-46.398.958
380;Polietileno_Ibarlo;Materia Prima;Excipiente;0.000022;50.820.776;32.015.621
381;Cartucho de Cartolina_GBS;Materia Prima;Excipiente;0.000072;-22.815.016;-42.996.147
382;Cartucho de Cartolina_Nordeste;Materia Prima;Excipiente;0.000072;-80.122.267;-34.988.282
383;Cartucho de Cartolina_Chus;Materia Prima;Excipiente;0.000072;-22.995.813;-43.346.678
384;Cartucho de Cartolina_Adigil;Materia Prima;Excipiente;0.000072;-23.515.343;-46.424.472
385;Cartucho de Cartolina_AFH;Materia Prima;Excipiente;0.000072;-23.614.132;-46.461.275
386;Envelope de Aluminio_Soromed;Materia Prima;Excipiente;0.000009;-22.187.404;-49.955.896
387;Envelope de Aluminio_Premium;Materia Prima;Excipiente;0.000009;-16.498.855;-49.402.924
388;Envelope de Aluminio_Leide;Materia Prima;Excipiente;0.000009;-15.890.898;-47.797.606
389;Blister de Aluminio_Soromed;Materia Prima;Excipiente;0.000009;-22.187.404;-49.955.896
390;Blister de Aluminio_Premium;Materia Prima;Excipiente;0.000009;-16.498.855;-49.402.924
391;Blister de Aluminio_Leide;Materia Prima;Excipiente;0.000009;-15.890.898;-47.797.606
392;Frasco de Vidro Ambar_Schott;Materia Prima;Excipiente;0.000003;-23.148.451;-47.029.166
393;Caixa de Papelao com Colmeia_Thermo;Materia Prima;Excipiente;0.000013;35.490.366;-82.549.292
394;Plastico Transparente_Versatil;Materia Prima;Excipiente;0.000006;-37.970.598;-38.528.819
395;Plastico Transparente_Skar;Materia Prima;Excipiente;0.000006;-25.044.282;-44.254.633
396;Plastico Transparente_Procion;Materia Prima;Excipiente;0.000006;-23.635.174;-46.709.494
397;Plastico Transparente_Multisul;Materia Prima;Excipiente;0.000006;-3.140.024;-52.676.605
398;Plastico Transparente_JCC;Materia Prima;Excipiente;0.000006;-24.990.203;-4.421.906
399;Plastico Transparente_IWR;Materia Prima;Excipiente;0.000006;-29.361.933;-50.807.627
400;Frasco de Plastico opaco_Ceras;Materia Prima;Excipiente;0.000006;-19.936.314;-43.999.079
401;Frasco Ampola de Vidro Incolor_Ompi;Materia Prima;Excipiente;0.000003;25.958.861;-10.016.106
402;Blister de PVC_Klockner;Materia Prima;Excipiente;0.000003;-23.586.056;-46.870.264
403;Blister de PVC_Caio;Materia Prima;Excipiente;0.000003;-19.896.501;-44.009.038
404;Blister de PVC_Blessed;Materia Prima;Excipiente;0.000003;-22.926.355;-43.236.583
405;Blister de PVC_Auremar;Materia Prima;Excipiente;0.000003;-22.839.179;-43.275.715
406;Blister de PVC_ALS;Materia Prima;Excipiente;0.000003;-22.967.167;-43.390.979
407;Frasco de Plastico Transparente_Advaita;Materia Prima;Excipiente;0.000003;-22.822.754;-43.001.517
408;Frasco de Plastico Transparente_Cirurgica;Materia Prima;Excipiente;0.000003;-29.702.732;-52.431.117
409;Frasco de Plastico Transparente_Cremer;Materia Prima;Excipiente;0.000003;-26.895.535;-49.073.667
410;Frasco de Plastico Transparente_Delta;Materia Prima;Excipiente;0.000003;-22.889.807;-43.231.502
411;Frasco de Plastico Transparente_Diagnostica;Materia Prima;Excipiente;0.000003;-22.995.855;-43.387.112
412;Frasco de Plastico Transparente_Drakkar;Materia Prima;Excipiente;0.000003;-23.577.367;-46.585.572
413;Frasco de Plastico Transparente_Elroi;Materia Prima;Excipiente;0.000003;-27.585.895;-48.608.603
414;Frasco de Plastico Transparente_Etica;Materia Prima;Excipiente;0.000003;-22.889.188;-43.233.888
415;Frasco de Plastico Transparente_Gama;Materia Prima;Excipiente;0.000003;-22.881.476;-43.301.363
416;Frasco de Plastico Transparente_Izalab;Materia Prima;Excipiente;0.000003;-22.877.271;-43.362.677
417;Frasco de Plastico Transparente_Lifecir;Materia Prima;Excipiente;0.000003;-1.991.715;-4.392.133
418;Frasco de Plastico Transparente_Madrimed;Materia Prima;Excipiente;0.000003;-22.828.347;-43.268.557
419;Frasco de Plastico Transparente_Medgran;Materia Prima;Excipiente;0.000003;-23.696.723;-46.469.666
420;Frasco de Plastico Transparente_Negocios;Materia Prima;Excipiente;0.000003;-21.193.845;-47.765.252
421;Frasco de Plastico Transparente_Nova_Bio;Materia Prima;Excipiente;0.000003;-22.732.315;-42.804.908
422;Frasco de Plastico Transparente_Zammi;Materia Prima;Excipiente;0.000003;-22.656.426;-43.276.412
423;Frasco de Plastico Transparente_Sinapse;Materia Prima;Excipiente;0.000003;-22.833.494;-43.007.821
424;Nao encontrado;Fornecedor;N/A;0.000003;-23.195.487;-46.977.149
425;3MED DISTRIBUIDORA DE MEDICAMENTOS LTDA.;Fornecedor;N/A;0.000003;-27.644.613;-52.254.359
426;ADL MED COMERCIO DE MEDICAMENTOS LTDA;Fornecedor;N/A;0.000003;-27.637.458;-5.225.238
427;ALFA BRAZIL COMERCIO E DISTRIBUICAO DE ARTIGOS PARA HABITACAO LTDA;Fornecedor;N/A;0.000009;-23.505.707;-46.761.864
428;ALFALAB MATERIAL PARA LABORATORIOS LTDA;Fornecedor;N/A;0.000003;-22.924.553;-43.204.105
429;ALTA SERRANA COMERCIAL LTDA;Fornecedor;N/A;0.000006;-21.201.626;-47.819.534
430;ALVOTEX INDUSTRIA E COMERCIO LTDA;Fornecedor;N/A;0.000006;-22.890.659;-43.220.201
431;AMGEN BIOTECNOLOGIA DO BRASIL LTDA.;Fornecedor;N/A;0.000003;-23.618.731;-46.774.528
432;AMICI COMERCIO E REPRESENTACOES DE MEDICAMENTOS EIRELI;Fornecedor;N/A;0.000003;-15.877.858;-4.799.623
433;AMSAL;Fornecedor;N/A;0.000003;21.604.367;73.008.586
434;ANCORA DISTRIBUIDORA DE MEDICAMENTOS LTDA;Fornecedor;N/A;0.000003;-58.664.027;-35.226.679
435;APICE CIENTIFICA EIRELI;Fornecedor;N/A;0.000003;-1.991.042;-43.950.754
436;Bahiafarma;Fabricante;N/A;0.000003;-12.823.843;-3.840.051
437;BAXTER HOSPITALAR LTDA;Fornecedor;N/A;0.000006;-23.680.182;-46.690.703
438;BECKMAN COULTER DO BRASIL COMERCIO E IMPORTACAO DE PRODUTOS DE LABORATORIO LTDA;Fornecedor;N/A;0.000006;-23.501.587;-46.845.798
439;BIOCELL BIOTECNOLOGIA LTDA;Fornecedor;N/A;0.000003;-19.931.655;-43.965.416
440;BIOCON;Fornecedor;N/A;0.000003;-20.159.599;-43.950.119
441;BIOGEN BRASIL PRODUTOS FARMACEUTICOS LTDA;Fornecedor;N/A;0.000006;-23.593.542;-46.689.479
442;BIOMIG MATERIAIS MEDICO-HOSPITALARES LTDA;Fornecedor;N/A;0.000003;-19.944.033;-44.008.925
443;BIO-RAD LABORATORIOS BRASIL LTDA.;Fornecedor;N/A;0.000003;-23.623.894;-46.701.231
444;Blanver Farmoquimica e Farmaceutica;Fornecedor;N/A;0.000003;-2.362.052;-4.678.724
445;Boehringer Ingelheim Pharma;Fornecedor;N/A;0.000003;-23.695.778;-46.863.003
446;BR- MAC COMERCIAL IMPORTADORA DE MATERIAS PRIMAS QUIMICAS FARMACEUTICAS E EQUIPAMENTOS LTDA;Fornecedor;N/A;0.000016;-22.905.573;-43.178.603
447;Brasil;Fornecedor;N/A;0.000003;-15.585.763;-47.831.743
449;CAPROMED FARMACEUTICA LTDA;Fornecedor;N/A;0.000003;-20.843.863;-49.365.127
450;CAQ CASA DA QUIMICA INDUSTRIA E COMERCIO LIMITADA;Fornecedor;N/A;0.000013;-23.697.413;-46.607.937
451;CARVALHAES PRODUTOS PARA LABORATORIO LTDA;Fornecedor;N/A;0.000006;-23.228.188;-46.788.035
452;CASULA & VASCONCELOS INDUSTRIA FARMACEUTICA E COMERCIO LTDA;Fornecedor;N/A;0.000006;-1.998.305;-44.004.719
453;CATALENT BRASIL LTDA;Fornecedor;N/A;0.000003;-23.439.394;-47.386.306
455;CENTERMEDI-COMERCIO DE PRODUTOS HOSPITALARES LTDA;Fornecedor;N/A;0.000003;-27.626.512;-52.367.097
456;CHEMPEX PRODUTOS E EQUIPAMENTOS PARA LABORATORIOS LTDA;Fornecedor;N/A;0.000006;-2.344.708;-46.532.708
457;CHRISPIM NEDI CARRILHO EIRELI;Fornecedor;N/A;0.000003;-21.783.455;-43.345.942
458;CIENTIFIC COMERCIO & PRODUTOS LTDA;Fornecedor;N/A;0.000038;-23.624.846;-46.665.765
459;CIENTIFICA MEDICA HOSPITALAR LTDA;Fornecedor;N/A;0.000006;-16.729.311;-49.249.008
460;CIRURGICA ITAMBE - EIRELI;Fornecedor;N/A;0.000003;-23.423.853;-51.956.997
461;CIRURGICA SANTA CRUZ COM. DE PRODUTOS HOSPITALARES LTDA.;Fornecedor;N/A;0.000003;-29.707.732;-52.436.117
462;CIRURGICA SAO LUIS DISTRIBUIDORA DE MEDICAMENTOS E PRODUTOS HOSPITALARES EIRELI;Fornecedor;N/A;0.000003;-30.048.581;-51.203.537
463;CLEVER FERREIRA COSTA 01175363693;Fornecedor;N/A;0.000006;-19.825.122;-4.398.484
464;CLINICAL MED NOVO MILENIO MATERIAL HOSPITALAR LTDA;Fornecedor;N/A;0.000006;-22.897.475;-43.188.313
465;CM EQUIPAMENTOS PARA LABORATORIOS EIRELI;Fornecedor;N/A;0.000003;-23.531.105;-46.788.746
466;CM HOSPITALAR S.A.;Fornecedor;N/A;0.000009;-23.648.032;-46.729.312
467;CMS CIENTIFICA DO BRASIL LTDA;Fornecedor;N/A;0.000003;-22.639.951;-47.189.194
468;COLORCON;Fornecedor;N/A;0.000016;-23.141.235;-4.723.887
470;COMERCIAL CIRURGICA RIOCLARENSE LTDA;Fornecedor;N/A;0.000009;-22.678.499;-47.003.169
471;COMERCIAL MUZAMINAS EIRELI;Fornecedor;N/A;0.000006;-21.371.215;-46.524.334
472;COSTA CAMARGO COM. DE PRODUTOS HOSPITALARES LTDA;Fornecedor;N/A;0.000003;-20.355.086;-40.288.665
473;CRIATIVA - MAQUINAS E ARTIGOS PARA LABORATORIOS LTDA;Fornecedor;N/A;0.000006;-23.574.846;-46.554.114
474;CRIS BELLA FARMACIA E MANIPULACAO EIRELI;Fornecedor;N/A;0.000006;-2.298.171;-43.463.166
475;CRISTALIA PRODUTOS QUIMICOS FARMACEUTICOS LTDA;Fornecedor;N/A;0.000022;-22.472.297;-46.604.678
476;CRODA INC;Fornecedor;N/A;0.000003;-22.994.254;-47.115.248
477;CRYSTALLAB COMERCIO DE ARTIGOS PARA LABORATORIO EIRELI;Fornecedor;N/A;0.000003;-10.957.394;-38.742.858
478;CTM EXPRESS DISTRIBUIDORA DE MEDICAMENTOS LTDA;Fornecedor;N/A;0.000003;-30.021.706;-51.151.401
479;DANIEL FERRARI ABRANTES - DISTRIBUIDORA DE MEDICAMENTOS;Fornecedor;N/A;0.000003;-23.947.387;-4.633.372
480;DIMASTER - COMERCIO DE PRODUTOS HOSPITALARES LTDA.;Fornecedor;N/A;0.000003;-27.622.832;-52.370.795
481;DISTRIBUIDORA DE MEDICAMENTOS PRO SAUDE LTDA;Fornecedor;N/A;0.000006;-18.906.267;-48.277.883
482;DL DISTRIBUIDORA DE MEDICAMENTOS EIRELI;Fornecedor;N/A;0.000003;-23.720.985;-46.593.211
483;DROGAFONTE LTDA;Fornecedor;N/A;0.000003;-80.377.554;-34.950.428
485;ELIAH FARMACIA DE MANIPULACAO LTDA;Fornecedor;N/A;0.000003;-22.984.138;-43.197.803
486;ESPIRITO SANTO DISTRIBUIDORA DE PRODUTOS HOSPITALARES EIRELI;Fornecedor;N/A;0.000003;-20.643.529;-40.480.848
487;ESSENCIAS NITEROI COMERCIO E DIST DE ESSENCIAS LTDA;Fornecedor;N/A;0.000003;-22.892.541;-43.118.638
489;EXEMPLARMED COMERCIO DE PRODUTOS HOSPITALARES LTDA;Fornecedor;N/A;0.000003;-27.644.357;-52.257.111
490;EXODO CIENTIFICA QUIMICA FINA INDUSTRIA E COMERCIO LTDA;Fornecedor;N/A;0.000006;-22.825.882;-4.721.245
491;F. HOFFMANN LA ROCHE;Fornecedor;N/A;0.000003;43.606.558;-7.975.262
492;FAMADER FARMACIA DE MANIPULACAO LTDA;Fornecedor;N/A;0.000003;-25.538;-4.919.781
493;FARMACE - INDUSTRIA QUIMICO-FARMACEUTICA CEARENSE LTDA;Fornecedor;N/A;0.000003;-73.144.586;-39.306.367
494;FASVITH COMERCIO INTERNACIONAL LTDA.;Fornecedor;N/A;0.000003;-20.205.077;40.301.645
495;FATOR RIO COMERCIO E SERVICOS EIRELI;Fornecedor;N/A;0.000006;-22.899.079;-43.128.355
496;FLOPTECH COMERCIO DE EQUIPAMENTOS EIRELI;Fornecedor;N/A;0.000003;-27.603.866;-48.639.176
497;FOX SCIENCE COMERCIO & PRODUTOS EIRELI;Fornecedor;N/A;0.000028;-2.285.536;-43.256.228
498;FRESENIUS KABI BRASIL LTDA.;Fornecedor;N/A;0.000006;-23.506.807;-46.824.714
499;FSW PRODUTOS PARA SAUDE LTDA;Fornecedor;N/A;0.000003;-22.894.464;-43.275.272
500;FUNDACAO PARA O REMEDIO POPULAR FURP;Fornecedor;N/A;0.000009;-23.476.894;-46.549.778
501;FV NAYLOR'S CURSOS E COMERCIO DE INSTRUMENTOS E MATERIAIS HOSPITALARES LTDA;Fornecedor;N/A;0.000006;-22.901.382;-43.181.541
502;GATTI QUIMICA LTDA;Fornecedor;N/A;0.000006;-23.490.277;-46.366.548
503;GENESYS COMERCIAL LTDA;Fornecedor;N/A;0.000006;-22.848.705;-43.257.274
505;Glaxo Operations UK Limited;Fornecedor;N/A;0.000003;50.829.554;-36.261.935
506;Glaxosmithkline Pharmaceutical;Fornecedor;N/A;0.000003;50.829.554;-36.261.935
507;GOIANIA MEDICA PRODUTOS HOSPITALARES IND. COM. IMP. EXPORTACAO LTDA;Fornecedor;N/A;0.000003;-16.825.673;-49.215.912
508;GUERBET IMAGEM DO BRASIL LTDA;Fornecedor;N/A;0.000003;-2.293.676;-43.380.553
509;HALEX ISTAR INDUSTRIA FARMACEUTICA SA;Fornecedor;N/A;0.000003;-23.514.724;-46.722.892
510;HEXAGONO QUIMICA E EQUIPAMENTOS PARA LABORATORIOS EIRELI;Fornecedor;N/A;0.000003;-22.877.814;-43.267.302
511;HIPERLAB PRODUTOS E EQUIPAMENTOS PARA LABORATORIOS LTDA;Fornecedor;N/A;0.000003;-23.456.157;-4.651.807
512;HOSP - LOG COMERCIO DE PRODUTOS HOSPITALARES LTDA;Fornecedor;N/A;0.000003;-15.794.134;-47.987.855
514;IDM SOLUCOES PUBLICAS LTDA;Fornecedor;N/A;0.000003;-16.739.059;-49.257.352
515;IFAL IND E COM DE PRODUTOS FARMACEUTICOS LTDA;Fornecedor;N/A;0.000003;-30.856.921;-5.178.922
516;INDUSLAB COMERCIO DE PRODUTOS PARA LABORATORIOS LTDA;Fornecedor;N/A;0.000006;-2.331.964;-51.196.167
517;INOVAMED HOSPITALAR LTDA;Fornecedor;N/A;0.000006;-27.648.208;-52.231.769
518;INTEGRA SOLUCOES MEDICAS LTDA;Fornecedor;N/A;0.000003;-25.502.432;-49.298.785
519;INTERJET COMERCIAL EIRELI;Fornecedor;N/A;0.000003;-23.672.515;-46.690.059
520;INTERLAB FARMACEUTICA LTDA;Fornecedor;N/A;0.000003;-23.479.767;-46.621.959
521;INTERPRISE INSTRUMENTOS ANALITICOS LTDA;Fornecedor;N/A;0.000006;-22.777.955;-47.144.052
522;JDL DISTRIBUIDORA SOCIEDADE UNIPESSOAL LTDA;Fornecedor;N/A;0.000006;-22.944.673;-43.607.429
523;JKLAB PRODUTOS E SOLUCOES PARA LABORATORIOS EIRELI;Fornecedor;N/A;0.000003;-16.714.258;-49.293.971
524;JMC;Fornecedor;N/A;0.000016;-1.298.894;-48.161.844
525;JOB COMERCIO E REPRESENTACOES LTDA;Fornecedor;N/A;0.000006;-22.534.075;-44.197.406
526;JOSE DANTAS DINIZ FILHO;Fornecedor;N/A;0.000006;-69.639.342;-34.832.484
527;JTH COMERCIO LTDA;Fornecedor;N/A;0.000006;-22.526.273;-4.193.736
528;KLM COMERCIO SERVICOS E MANUTENCAO - EIRELI;Fornecedor;N/A;0.000003;-22.873.902;-43.276.348
529;LABORATORIO FARMACEUTICO DO ESTADO DE PERNAMBUCO GOVERNADOR MIGUEL ARRAES S/A - LAFEPE;Fornecedor;N/A;0.000003;-80.158.248;-3.494.298
530;Laboratorio Pfizer;Fabricante;N/A;0.000003;-80.158.248;-34.943.505
531;Laboratorio Quimico Farmaceutico da Aeronautica;Fabricante;N/A;0.000003;-22.811.629;-43.216.453
532;LABWARE COMERCIO DE EQUIPAMENTOS PARA LABORATORIO EIRELI;Fornecedor;N/A;0.000003;-23.634.745;-46.665.071
533;LAS DO BRASIL COMERCIO DE PRODUTOS ANALITICOS E LABORATORIAIS LTDA;Fornecedor;N/A;0.000006;-16.782.368;-49.276.022
534;LBF COMERCIO E SERVICOS LTDA;Fornecedor;N/A;0.000003;-2.355.185;-46.605.109
535;Libbs Farmaceutica;Fabricante;N/A;0.000003;-2.362.216;-46.821.155
537;LODERME FARMACIA DE MANIPULACAO LTDA;Fornecedor;N/A;0.000003;-22.901.871;-43.111.621
538;LUDWIG BIOTECNOLOGIA LTDA;Fornecedor;N/A;0.000003;-30.004.263;-51.079.225
539;LUPIN LIMITED;Fornecedor;N/A;0.000006;19.075.319;72.851.231
542;M A 2 COMERCIAL LTDA;Fornecedor;N/A;0.000003;-23.509.696;-46.489.014
543;MAKLAB COMERCIAL LTDA;Fornecedor;N/A;0.000003;-22.917.071;-47.089.432
544;MALTACARE DISTRIBUIDORA EIRELI;Fornecedor;N/A;0.000003;-20.467.456;-54.543.899
545;MDX INDUSTRIA E COMERCIO DE ACO LTDA;Fornecedor;N/A;0.000009;-19.982.443;-44.393.159
546;MEDCOM COMERCIO DE MEDICAMENTOS HOSPITALARES LTDA;Fornecedor;N/A;0.000003;-23.511.914;-46.587.301
547;MEDIC LIFE DISTRIBUIDORA DE MEDICAMENTOS EIRELI;Fornecedor;N/A;0.000003;-28.931.549;-49.667.083
548;MEDITON FARMACEUTICA LTDA -;Fabricante;N/A;0.000003;-2.623.296;-52.672.255
549;MEDMAX COMERCIO DE MEDICAMENTOS LTDA;Fornecedor;N/A;0.000003;-2.764.032;-52.245.627
550;MEDX IMPORTACAO, COMERCIO E REPRESENTACAO DE PRODUTOS MEDICOS LTDA;Fornecedor;N/A;0.000003;-2.047.857;-54.598.326
551;MERCANTIL BARRETO COMERCIAL DE PRODUTOS HOSPITALARES E SUPRIMENTOS LTDA;Fornecedor;N/A;0.000003;-16.050.072;-47.980.996
553;METHABIO FARMACEUTICA DO BRASIL LTDA;Fornecedor;N/A;0.000003;-15.807.829;4.795.043
554;MH LIXX COMERCIO E SERVICOS LTDA;Fornecedor;N/A;0.000006;-22.520.569;-4.193.886
555;MSN PHARMACHEM;Fornecedor;N/A;0.000003;17.555.202;78.223.968
556;MULTIFARMA COMERCIO E REPRESENTACOES LTDA.;Fornecedor;N/A;0.000003;-19.777.729;-43.958.963
557;MULTIPLIER DISTRIBUIDORA EIRELI;Fornecedor;N/A;0.000006;-18.894.742;-48.257.168
558;MULTIPLOS COMERCIO E EQUIPAMENTOS LTDA;Fornecedor;N/A;0.000003;-12.990.167;-38.459.159
559;Nao encontrado no portal da transparencia;Fornecedor;N/A;0.000003;-12.990.167;-38.459.159
560;NATHYVITTA EXCELENCIA EM  SAUDE LTDA;Fornecedor;N/A;0.000006;-23.011.436;-43.541.424
561;NEO MED MATERIAIS HOSPITALARES EIRELI;Fornecedor;N/A;0.000006;-22.606.899;-43.177.818
562;Nortec Quimica;Fornecedor;N/A;0.000009;-22.613.366;-43.296.479
563;NORTEC QUIMICA S.A.;Fornecedor;N/A;0.000009;-22.613.366;-43.296.479
564;NOVARTIS BIOCIENCIAS SA;Fornecedor;N/A;0.000003;-23.281.683;-51.275.912
565;NSA DISTRIBUIDORA DE MEDICAMENTOS EIRELI;Fornecedor;N/A;0.000006;-2.033.631;-40.350.442
566;OBAH PRODUTOS E SERVICOS ANALITICOS EIRELI;Fornecedor;N/A;0.000019;-23.617.171;-46.739.765
567;ONCO PROD DISTRIBUIDORA DE PRODUTOS HOSPITALARES E ONCOLOGICOS LTDA.;Fornecedor;N/A;0.000003;-23.594.782;-46.683.572
568;ORBITAL PRODUTOS PARA LABORATORIOS LTDA;Fornecedor;N/A;0.000035;-18.910.421;-48.253.924
569;PERLAND PHARMACOS LTDA;Fornecedor;N/A;0.000003;-23.174.954;-50.628.506
570;PHADIA DIAGNOSTICOS LTDA.;Fornecedor;N/A;0.000003;-23.568.556;-46.699.905
572;PRATI, DONADUZZI & CIA LTDA;Fornecedor;N/A;0.000003;-24.717.282;-53.758.865
573;PRO ANALISE QUIMICA E DIAGNOSTICA LTDA;Fornecedor;N/A;0.000016;-2.360.063;-46.888.204
574;PROC9 INDUSTRIA QUIMICA EIRELI;Fornecedor;N/A;0.000003;-29.948.942;-51.178.688
575;PROMEFARMA REPRESENTACOES COMERCIAIS LTDA;Fornecedor;N/A;0.000003;-25.518.108;-49.330.672
576;PROMEGA BIOTECNOLOGIA DO BRASIL LTDA.;Fornecedor;N/A;0.000003;-23.626.947;-46.685.167
577;PROMEGA CORPORATION;Fornecedor;N/A;0.000003;-23.626.947;-46.685.167
578;PRONTOFAR LTDA;Fornecedor;N/A;0.000003;-19.881.013;-4.395.379
579;PROSPER COMERCIO E DISTRIBUICAO LTDA;Fornecedor;N/A;0.000003;-16.693.023;-49.267.901
580;QUANTIQ DISTRIBUIDORA;Fornecedor;N/A;0.000003;-23.419.401;-46.377.568
581;REAGEN PRODUTOS PARA LABORATORIOS EIRELI;Fornecedor;N/A;0.000003;-25.355.619;-49.219.998
582;REAG-LAB COMERCIO DE PRODUTOS MEDICOS E HOSPITALARES LTDA;Fornecedor;N/A;0.000006;-22.898.415;-4.327.446
583;REDE BRASIL EMPREENDIMENTOS FARMACEUTICOS LTDA;Fornecedor;N/A;0.000003;-15.810.172;-47.889.299
584;RELTHY LABORATORIOS LTDA;Fornecedor;N/A;0.000003;-2.313.393;-47.230.488
585;REY-GLASS COMERCIAL E SERVICOS EIRELI;Fornecedor;N/A;0.000016;-23.511.248;-46.487.291
586;ROGERIA APARECIDA CARDOSO;Fornecedor;N/A;0.000003;-21.998.188;-47.914.186
587;RT EDITORA E DISTRIBUIDORA DE PAPEIS E SERVICOS EIRELI;Fornecedor;N/A;0.000006;-22.842.128;-43.262.453
588;SAFIRA INDUSTRIA E COMERCIO DE COSMETICOS LTDA;Fornecedor;N/A;0.000006;-19.818.574;-43.950.879
591;SB COMERCIO DE PRODUTOS HOSPITALARES LTDA;Fornecedor;N/A;0.000003;-23.655.602;-46.705.594
592;SEMEAR DISTRIBUIDORA EIRELI;Fornecedor;N/A;0.000003;-20.349.763;-40.312.437
593;SIGMA-ALDRICH BRASIL LTDA;Fornecedor;N/A;0.000044;-23.674.666;-46.501.892
594;SOIN VIE FARMACEUTICA E NUTRICAO LTDA;Fornecedor;N/A;0.000003;-23.619.363;-46.887.205
595;STOCK MED PRODUTOS MEDICO-HOSPITALARES LTDA.;Fornecedor;N/A;0.000003;-29.727.313;-52.429.867
596;SUL DE MINAS INGREDIENTES LTDA;Fornecedor;N/A;0.000057;-23.468.077;-46.646.564
597;SULMINAS SUPLEMENTOS E NUTRICAO LTDA;Fornecedor;N/A;0.000031;-21.807.942;-45.421.522
599;TATIANA REGINA FERREIRA LOPES;Fornecedor;N/A;0.000003;-23.340.842;-47.847.046
600;TECHNAV SOLUCOES EM EQUIPAMENTO E COMERCIO ATACADISTA E VAREJISTA EIRELI;Fornecedor;N/A;0.000006;-2.291.378;-43.602.657
601;TERRA SUL COMERCIO DE MEDICAMENTOS LTDA;Fornecedor;N/A;0.000003;-27.642.105;-52.255.874
602;TY BORTHOLIN COMERCIAL LTDA;Fornecedor;N/A;0.000006;-22.181.217;-47.379.297
603;Ukraine CJSC Indar;Fabricante;N/A;0.000003;50.438.818;30.689.234
604;ULTRAMED DISTRIBUIDORA DE MEDICAMENTOS EIRELI;Fornecedor;N/A;0.000003;-15.801.952;-47.950.883
605;VALDEQUIMICA PRODUTOS QUIMICOS LTDA;Fornecedor;N/A;0.000003;-23.586.312;-46.717.115
606;VENTRALIS TECNICA COMERCIAL LTDA;Fornecedor;N/A;0.000003;-22.876.188;-43.259.592
607;VIA FHARMA DO BRASIL LTDA;Fornecedor;N/A;0.000003;-17.778.535;-50.923.789
608;VITRALAB EQUIPAMENTOS E SUPRIMENTOS PARA LABORATORIOS E HOSPITAIS EIRELI;Fornecedor;N/A;0.000003;-25.438.195;-49.280.133
609;WL PHARMA COMERCIO DE MATERIAIS MEDICOS HOSPITALARES LTDA;Fornecedor;N/A;0.000003;-15.761.014;-47.932.731
610;BAZAR E PAPELARIA MN LTDA;Fornecedor;N/A;0.000003;-22.846.692;-43.267.199
611;D.G.L SERVICOS E NEGOCIOS COMERCIAIS EIRELI;Fornecedor;N/A;0.000003;-22.842.992;-43.246.407
612;DEGRAPH COMERCIO E SERVICOS GRAFICOS LTDA;Fornecedor;N/A;0.000003;-22.865.901;-43.308.232
614;ESCALA SOLUCOES EM ABASTECIMENTO EIRELI;Fornecedor;N/A;0.000003;-22.766.642;-43.313.542
615;GRAFICA & EDITORA TRIUNFAL LTDA;Fornecedor;N/A;0.000003;-22.671.816;-50.426.541
616;INDUSTRIA GRAFICA BRASILEIRA LTDA;Fornecedor;N/A;0.000003;-23.498.835;-46.823.816
617;MARIA LUCIA DA SILVA AGUIAR 73594261700;Fornecedor;N/A;0.000003;-22.885.278;-43.264.443
618;PIMORE EDITORA E DISTRIBUIDORA DE PAPEIS EIRELI;Fornecedor;N/A;0.000003;-22.844.694;-43.266.366
619;PRINTIDEIAS BSB COM DE PAPELARIA E SERVICOS GRAFICOS EIRELI;Fornecedor;N/A;0.000003;-15.849.221;-48.121.736
620;PRISMA PAPELARIA EIRELI;Fornecedor;N/A;0.000003;-22.991.016;-43.555.063
621;SIDESIGN ADESIVOS E DECORACAO LTDA;Fornecedor;N/A;0.000003;-23.443.254;-46.403.958
622;IBARLO BVBA/SPRL;Fornecedor;N/A;0.000003;50.815.776;31.965.621
623;NOVA GBS DISTRIBUIDORA DE PRODUTOS E SERVICOS EIRELI;Fornecedor;N/A;0.000003;-22.820.016;-43.001.147
624;NORDESTE POTENCIAL COMERCIO E SERVICOS EIRELI;Fornecedor;N/A;0.000003;-80.172.267;-34.993.282
625;CHU'S PAPELARIA LTDA;Fornecedor;N/A;0.000003;-23.000.813;-43.351.678
626;ADIGIL MATERIAIS PARA ESCRITORIOS LTDA;Fornecedor;N/A;0.000003;-23.520.343;-46.429.472
627;A.F.H. COMERCIO E SERVICOS TECNICOS EIRELI;Fornecedor;N/A;0.000006;-23.619.132;-46.466.275
628;SOROMED MARILIA LTDA;Fornecedor;N/A;0.000006;-22.192.404;-49.960.896
629;PREMIUM HOSPITALAR LTDA;Fornecedor;N/A;0.000006;-16.503.855;-49.407.924
630;LEIDE BARBOSA DE ARAUJO 58485317149;Fornecedor;N/A;0.000003;-15.895.898;-47.802.606
631;SCHOTT BRASIL LTDA;Fornecedor;N/A;0.000003;-23.153.451;-47.034.166
632;THERMO FISHER SCIENTIFIC (ASHEVILLE);Fornecedor;N/A;0.000003;35.485.366;-82.554.292
633;VERSATIL COMERCIO E SERVICOS LTDA;Fornecedor;N/A;0.000003;-38.020.598;-38.533.819
634;SKAR COMERCIO DE ALIMENTOS LTDA;Fornecedor;N/A;0.000003;-25.094.282;-44.259.633
635;PROCION COMERCIAL LTDA;Fornecedor;N/A;0.000003;-23.640.174;-46.714.494
636;MULTISUL COMERCIO E DISTRIBUICAO LTDA;Fornecedor;N/A;0.000003;-3.140.524;-52.681.605
637;JCC CONSULTORIA, COMERCIO E CONSTRUCOES EIRELI;Fornecedor;N/A;0.000003;-25.040.203;-4.422.406
638;IWR COMERCIO E SERVICOS LTDA;Fornecedor;N/A;0.000003;-29.366.933;-50.812.627
639;CERAS PAULISTA INDUSTRIA E DISTRIBUICAO LTDA;Fornecedor;N/A;0.000003;-19.941.314;-44.004.079
640;OMPI N.A. S. DE R.L. DE C.V;Fornecedor;N/A;0.000003;25.953.861;-10.016.606
641;KLOCKNER PENTAPLAST DO BRASIL LTDA;Fornecedor;N/A;0.000003;-23.591.056;-46.875.264
642;CAIO INDUSTRIA E COMERCIO LTDA;Fornecedor;N/A;0.000003;-19.901.501;-44.014.038
643;BLESSED COMERCIAL LTDA;Fornecedor;N/A;0.000003;-22.931.355;-43.241.583
644;AUREMAR DISTRIBUIDORA LTDA;Fornecedor;N/A;0.000003;-22.844.179;-43.280.715
645;ALS TECNOLOGIA LTDA;Fornecedor;N/A;0.000003;-22.972.167;-43.395.979
646;ADVAITA COMERCIO DE PRODUTOS MEDICOS HOSPITALARES EIRELI;Fornecedor;N/A;0.000003;-22.827.754;-43.006.517
647;CIRURGICA BRASIL COMERCIAL E IMPORTADORA LTDA;Fornecedor;N/A;0.000003;-23.564.011;-46.625.941
648;CREMER S.A.;Fornecedor;N/A;0.000003;-26.900.535;-49.078.667
649;DELTA X COMERCIO REPRESENTACAO E SERVICOS LTDA;Fornecedor;N/A;0.000003;-22.894.807;-43.236.502
650;DIAGNOSTICA SUDESTE SERVICOS LABORATORIAIS E COMERCIO DE CORRELATOS LTDA;Fornecedor;N/A;0.000003;-23.000.855;-43.392.112
651;DRAKKAR INDUSTRIA DE DESCARTAVEIS E EPI EIRELI;Fornecedor;N/A;0.000003;-23.582.367;-46.590.572
652;EL-ROI MEDICAL SOLUTIONS INDUSTRIA E COMERCIO DE EQUIPAMENTOS EIRELI;Fornecedor;N/A;0.000003;-27.590.895;-48.613.603
653;ETICA MED COMERCIO E REPRESENTACOES DE PRODUTOS HOSPITALARES LTDA;Fornecedor;N/A;0.000003;-22.894.188;-43.238.888
654;GAMA-MED 13 COMERCIO E SERVICOS EIRELI;Fornecedor;N/A;0.000003;-22.886.476;-43.306.363
655;IZALAB MATERIAL HOSPITALAR LTDA;Fornecedor;N/A;0.000003;-22.882.271;-43.367.677
656;LIFECIR LTDA;Fornecedor;N/A;0.000003;-1.992.215;-4.392.633
657;MADRIMED PRODUTOS MEDICOS LTDA;Fornecedor;N/A;0.000003;-22.833.347;-43.273.557
658;MEDGRAN INDUSTRIA E COMERCIO DE PRODUTOS HOSPITALARES LTDA;Fornecedor;N/A;0.000003;-23.701.723;-46.474.666
659;NEGOCIOS & NEGOCIOS EIRELI;Fornecedor;N/A;0.000003;-21.198.845;-47.770.252
660;NOVA BIO - INDUSTRIA E COMERCIO EIRELI;Fornecedor;N/A;0.000003;-22.737.315;-42.809.908
661;ZAMMI INSTRUMENTAL EIRELI;Fornecedor;N/A;0.000003;-22.661.426;-43.281.412
662;SINAPSE COMERCIO HOSPITALAR LTDA;Fornecedor;N/A;0.000003;-22.838.494;-43.012.821
663;Porto_Brasil;Porto;N/A;0.001698;-23.965.835;-46.301.965
664;Porto_Canada;Porto;N/A;0.000003;49.275.036;-12.313.442
665;Porto_Europa;Porto;N/A;0.000377;5.190.489;44.848.519
666;Porto_India;Porto;N/A;0.00005;1.895.169;72.950.186
667;Porto_Mexico;Porto;N/A;0.000003;19.209.216;-961.361
669;Porto_UK;Porto;N/A;0.000028;5.194.929;13.244.627
670;Porto_USA;Porto;N/A;0.000013;33.738.827;-11.826.529
671;Fiocruz_Farmanguinhos;Industria Principal;N/A;0;-22.950.745;-43.367.043
672;ITF CHEMICAL;Fornecedor;N/A;0.000006;-12.632.505;-38.323.445
673;Tovani Benzaquen Ingredientes;Fornecedor;N/A;0.000003;-23.551.109;-46.659.517
674;ITACEL FARMOQUIMICA LTDA.;Fornecedor;N/A;0.000003;-23.534.705;-46.967.336
675;Exata Distribuidora Hospitalar;Fornecedor;N/A;0.000006;-80.424.406;-34.938.896
676;CIPAFLEX COMERCIO E REPRESENTACOES LTDA;Fornecedor;N/A;0.000003;-22.872.732;-43.259.616
677;ADONEX COMERCIO DE PRODUTOS PARA LABORATORIO LTDA;Fornecedor;N/A;0.000003;-23.508.018;-46.487.737
678;AIRELA INDUSTRIA FARMACEUTICA LTDA;Fornecedor;N/A;0.000003;-28.433.928;-49.167.312
679;PABLO PEIXOTO DOS SANTOS;Fornecedor;N/A;0.000006;-22.765.384;-47.150.298
680;LSC COMERCIAL EIRELI;Fornecedor;N/A;0.000003;-23.702.326;-46.611.821
681;VIVA COMERCIO ATACADISTA DE MEDICAMENTOS EIRELI;Fornecedor;N/A;0.000003;-19.912.831;-43.978.113
682;EVONIK BRASIL LTDA;Fornecedor;N/A;0.000006;-23.627.378;-46.701.533
683;NOVO NORDISK FARMACEUTICA DO BRASIL LTDA;Fornecedor;N/A;0.000003;-23.525.824;-46.674.503
